Date,Rain Assam,Rain,Population,Flood,Temp
01-01-1926,23.4,38.1,334011077,0,17.236
02-01-1926,23.2,40.8,334011077,0,20.375
03-01-1926,156.9,179.1,334011077,0,23.152
04-01-1926,140.8,249.7,334011077,0,25.739
05-01-1926,253.9,248.1,334011077,0,29.002
06-01-1926,559.3,675.2,334011077,1,30.733
07-01-1926,576.5,978.7,334011077,1,27.488
08-01-1926,354.7,445.6,334011077,1,26.283
09-01-1926,189.2,286.9,334011077,1,25.774
10-01-1926,193.7,311.5,334011077,0,24.051
11-01-1926,6.4,18.6,334011077,0,19.354
12-01-1926,33.6,49.3,334011077,0,16.981
01-01-1927,33.8,48.3,337233829,0,16.709
02-01-1927,60.5,208.5,337233829,0,18.748
03-01-1927,66,88.1,337233829,0,22.994
04-01-1927,265.2,384,337233829,0,27.446
05-01-1927,238.4,164,337233829,0,29.554
06-01-1927,573.9,1045.4,337233829,1,29.232
07-01-1927,447.7,923.2,337233829,1,26.751
08-01-1927,366.4,727.8,337233829,1,26.021
09-01-1927,549.8,1108.9,337233829,1,26.04
10-01-1927,161.2,537.2,337233829,0,24.349
11-01-1927,29.8,17.8,337233829,0,19.79
12-01-1927,0.2,0,337233829,0,17.651
01-01-1928,8.3,48.9,340487677,0,17.08
02-01-1928,21.1,39.7,340487677,0,19.567
03-01-1928,61,118.2,340487677,0,23.99
04-01-1928,138.9,123.4,340487677,0,27.495
05-01-1928,446.5,431.9,340487677,0,30.574
06-01-1928,420.6,1168.3,340487677,1,28.795
07-01-1928,428.1,993.6,340487677,1,26.84
08-01-1928,448.2,981.2,340487677,1,26.582
09-01-1928,343.5,706.1,340487677,1,26.261
10-01-1928,294.8,633.5,340487677,0,24.568
11-01-1928,21.6,25.6,340487677,0,20.817
12-01-1928,1.5,2.3,340487677,0,17.099
01-01-1929,83.9,144.8,344079020,0,16.866
02-01-1929,3.8,59.2,344079020,0,18.597
03-01-1929,84.1,124.3,344079020,0,24.69
04-01-1929,321.7,492.3,344079020,0,27.63
05-01-1929,570.2,615.8,344079020,0,30.574
06-01-1929,643.4,853,344079020,1,28.918
07-01-1929,385,614.4,344079020,1,26.718
08-01-1929,333.2,670,344079020,1,25.954
09-01-1929,292.8,384.3,344079020,1,26.319
10-01-1929,196,188,344079020,0,23.971
11-01-1929,17.6,64.5,344079020,0,20.717
12-01-1929,22.1,109.5,344079020,0,16.703
01-01-1930,18,64.4,348015421,0,16.528
02-01-1930,41,84.3,348015421,0,18.831
03-01-1930,99.8,202.5,348015421,0,24.028
04-01-1930,199.4,565.4,348015421,0,27.002
05-01-1930,209.8,148.9,348015421,0,29.751
06-01-1930,686.9,720.9,348015421,1,28.955
07-01-1930,287.8,376.2,348015421,1,26.566
08-01-1930,438.5,1055.5,348015421,1,26.156
09-01-1930,299.1,637,348015421,1,26.296
10-01-1930,149.9,361.1,348015421,0,24.567
11-01-1930,114.4,93.2,348015421,0,20.005
12-01-1930,6.2,24.9,348015421,0,17.359
01-01-1931,7.6,61.3,352304571,0,17.86
02-01-1931,29.2,189.7,352304571,0,19.062
03-01-1931,47.6,231.6,352304571,0,23.518
04-01-1931,294.7,502.7,352304571,0,28.563
05-01-1931,374,277.7,352304571,0,30.211
06-01-1931,605.6,1149.4,352304571,1,30.172
07-01-1931,654.6,1399.9,352304571,1,27.031
08-01-1931,282,337.7,352304571,1,26.678
09-01-1931,330.2,480.7,352304571,1,25.998
10-01-1931,136.7,157.4,352304571,0,24.123
11-01-1931,21.6,37.8,352304571,0,20.334
12-01-1931,16.3,46.2,352304571,0,17.442
01-01-1932,14.9,70.2,356954300,0,17.783
02-01-1932,36.7,110.3,356954300,0,18.585
03-01-1932,59.1,105.5,356954300,0,23.757
04-01-1932,163.2,282.7,356954300,0,27.389
05-01-1932,488.6,661.6,356954300,0,29.613
06-01-1932,628.5,1065.2,356954300,1,29.777
07-01-1932,454.6,521.2,356954300,1,27.001
08-01-1932,467.3,907.8,356954300,1,26.243
09-01-1932,355.8,682.9,356954300,1,26.294
10-01-1932,108.4,152.2,356954300,0,24.669
11-01-1932,90.9,231.4,356954300,0,20.601
12-01-1932,20.6,59.9,356954300,0,17.231
01-01-1933,10.3,56,361972574,0,16.262
02-01-1933,29,59.4,361972574,0,19.784
03-01-1933,16.7,101.6,361972574,0,23.753
04-01-1933,214.4,267.9,361972574,0,26.46
05-01-1933,286.7,435.3,361972574,0,28.127
06-01-1933,477.2,782.1,361972574,1,28.36
07-01-1933,427.1,743.2,361972574,1,26.851
08-01-1933,501.7,685.2,361972574,1,25.823
09-01-1933,243.1,376.1,361972574,1,25.645
10-01-1933,122.1,217.9,361972574,0,23.937
11-01-1933,8.1,40.6,361972574,0,20.428
12-01-1933,2.7,8.1,361972574,0,17.294
01-01-1934,18.5,84.9,367061397,0,15.991
02-01-1934,68.2,88.3,367061397,0,19.725
03-01-1934,27.1,128.3,367061397,0,23.297
04-01-1934,301.2,595.1,367061397,0,27.732
05-01-1934,444.6,454.5,367061397,0,29.917
06-01-1934,754.5,1024.6,367061397,1,28.853
07-01-1934,553.2,935.9,367061397,1,26.77
08-01-1934,361.8,640.9,367061397,1,26.026
09-01-1934,246.8,382.6,367061397,1,26.073
10-01-1934,232.8,141.6,367061397,0,23.767
11-01-1934,59.8,77,367061397,0,19.761
12-01-1934,6.3,21.9,367061397,0,17.297
01-01-1935,3.4,18.1,372221763,0,15.888
02-01-1935,53.2,143.6,372221763,0,19.379
03-01-1935,66.5,169.7,372221763,0,23.618
04-01-1935,122.1,211.2,372221763,0,25.859
05-01-1935,381.5,299.9,372221763,0,30.518
06-01-1935,696.9,1147.1,372221763,1,29.711
07-01-1935,395.2,489.9,372221763,1,26.714
08-01-1935,573.9,968.8,372221763,1,25.858
09-01-1935,335,631.6,372221763,1,25.639
10-01-1935,28.1,21.8,372221763,0,24.042
11-01-1935,19.8,44.4,372221763,0,20.556
12-01-1935,2.9,27.4,372221763,0,17.36
01-01-1936,13.6,105.9,377454675,0,16.589
02-01-1936,58.7,175.2,377454675,0,19.189
03-01-1936,75.7,151.7,377454675,0,23.562
04-01-1936,217.8,374.7,377454675,0,27.229
05-01-1936,422.8,295.7,377454675,0,30.41
06-01-1936,456.1,833.1,377454675,1,27.68
07-01-1936,559.9,1132.8,377454675,1,26.706
08-01-1936,356.4,668.4,377454675,1,26.211
09-01-1936,283.5,584.3,377454675,1,26.074
10-01-1936,179.6,216.5,377454675,0,24.151
11-01-1936,24,122.8,377454675,0,20.903
12-01-1936,23.2,127.6,377454675,0,17.314
01-01-1937,2.2,19.9,382761156,0,16.143
02-01-1937,51.1,105.6,382761156,0,19.608
03-01-1937,19.3,91.2,382761156,0,22.893
04-01-1937,97.4,261,382761156,0,26.327
05-01-1937,406.6,399,382761156,0,29.823
06-01-1937,422.5,456.4,382761156,1,29.554
07-01-1937,409.2,611.6,382761156,1,26.657
08-01-1937,480.5,816.9,382761156,1,26.477
09-01-1937,278.1,339.7,382761156,1,26.214
10-01-1937,139.3,239.8,382761156,0,23.794
11-01-1937,13.5,16.7,382761156,0,20.539
12-01-1937,4.9,17.3,382761156,0,16.466
01-01-1938,27.2,144.8,388142237,0,17.305
02-01-1938,16.2,121.6,388142237,0,18.346
03-01-1938,138,340.5,388142237,0,24.786
04-01-1938,202,395.3,388142237,0,28.108
05-01-1938,247.3,306.5,388142237,0,30.312
06-01-1938,581,1511.3,388142237,1,27.459
07-01-1938,510.6,1355.1,388142237,1,26.655
08-01-1938,435.2,790.8,388142237,1,26.361
09-01-1938,431.4,877.3,388142237,1,26.284
10-01-1938,141.8,220.6,388142237,0,24.36
11-01-1938,55.2,59.7,388142237,0,19.572
12-01-1938,0.6,5.6,388142237,0,17.155
01-01-1939,1.5,13.6,391883882,0,17.484
02-01-1939,33.6,140.5,391883882,0,19.606
03-01-1939,11.2,112.7,391883882,0,22.512
04-01-1939,178.3,388.1,391883882,0,26.9
05-01-1939,349.6,314.6,391883882,0,30.429
06-01-1939,533.7,1132.5,391883882,1,28.862
07-01-1939,484.9,838.5,391883882,1,26.785
08-01-1939,224.9,310.2,391883882,1,26.702
09-01-1939,389,476.4,391883882,1,26.148
10-01-1939,190.1,157.6,391883882,0,24.775
11-01-1939,2.8,6.2,391883882,0,20.425
12-01-1939,1.9,7.7,391883882,0,17.291
01-01-1940,1.5,12.7,393975786,0,16.722
02-01-1940,57.9,168.5,393975786,0,19.296
03-01-1940,180.8,381.8,393975786,0,22.363
04-01-1940,72.6,133.9,393975786,0,26.928
05-01-1940,391.9,480.5,393975786,0,30.061
06-01-1940,500.5,511,393975786,1,29.209
07-01-1940,435.4,1067.9,393975786,1,26.86
08-01-1940,330.8,340.5,393975786,1,26.046
09-01-1940,353.7,791.4,393975786,1,26.077
10-01-1940,98.1,154.6,393975786,0,24.615
11-01-1940,19,12.4,393975786,0,21.33
12-01-1940,9.5,44.3,393975786,0,17.32
01-01-1941,4.5,37.4,394407406,0,16.932
02-01-1941,32.7,101.7,394407406,0,19.978
03-01-1941,53.8,157.9,394407406,0,25.153
04-01-1941,245.1,245.4,394407406,0,28.997
05-01-1941,522.4,652.4,394407406,0,30.595
06-01-1941,541.7,518.1,394407406,1,29.106
07-01-1941,409.4,935.9,394407406,1,27.493
08-01-1941,361.8,729.2,394407406,1,26.872
09-01-1941,368.1,687,394407406,1,26.452
10-01-1941,143.3,89.7,394407406,0,25.358
11-01-1941,16.7,19.6,394407406,0,20.846
12-01-1941,9.9,45.9,394407406,0,18.309
01-01-1942,7.4,15.8,393167957,0,16.664
02-01-1942,25.3,164.9,393167957,0,19.789
03-01-1942,130.9,277.8,393167957,0,24.535
04-01-1942,233.5,272.4,393167957,0,28.23
05-01-1942,469.1,618.9,393167957,0,30.642
06-01-1942,618.8,1182.6,393167957,1,30.039
07-01-1942,332.9,457.5,393167957,1,26.631
08-01-1942,328.8,438.9,393167957,1,25.974
09-01-1942,462.9,357.6,393167957,1,25.663
10-01-1942,40,8.7,393167957,0,24.346
11-01-1942,27.5,32.1,393167957,0,20.919
12-01-1942,0,1.1,393167957,0,17.094
01-01-1943,54.4,164.5,390246408,0,17.534
02-01-1943,34.1,46.3,390246408,0,18.873
03-01-1943,170.6,286.3,390246408,0,24.052
04-01-1943,247.7,322.6,390246408,0,26.655
05-01-1943,406.6,656.6,390246408,0,29.941
06-01-1943,513.3,712.3,390246408,1,28.726
07-01-1943,391.9,688.1,390246408,1,26.638
08-01-1943,417.9,501,390246408,1,25.807
09-01-1943,365,727.7,390246408,1,25.931
10-01-1943,86.7,155.4,390246408,0,24.076
11-01-1943,9.4,43,390246408,0,21.077
12-01-1943,6.2,22.8,390246408,0,17.552
01-01-1944,39.2,73.1,387346568,0,16.725
02-01-1944,21.3,67,387346568,0,18.788
03-01-1944,62.9,128.4,387346568,0,22.7
04-01-1944,139,179.9,387346568,0,26.484
05-01-1944,518,664.6,387346568,0,30.657
06-01-1944,490.6,935.9,387346568,1,29.248
07-01-1944,386.9,483.6,387346568,1,26.608
08-01-1944,304.1,307.4,387346568,1,26.276
09-01-1944,455.6,656.1,387346568,1,25.992
10-01-1944,89.7,334.8,387346568,0,23.954
11-01-1944,7.2,26,387346568,0,20.681
12-01-1944,9.9,47.5,387346568,0,18.062
01-01-1945,37,43.4,384468277,0,15.918
02-01-1945,39.7,107.8,384468277,0,18.778
03-01-1945,67.5,151.3,384468277,0,24.102
04-01-1945,139.5,282.9,384468277,0,26.543
05-01-1945,396.5,366,384468277,0,29.869
06-01-1945,500.5,420.2,384468277,1,29.652
07-01-1945,507.7,960,384468277,1,26.747
08-01-1945,493.5,771.3,384468277,1,26.475
09-01-1945,283.2,328.6,384468277,1,25.905
10-01-1945,196.6,187.7,384468277,0,23.807
11-01-1945,1.1,1.3,384468277,0,20.12
12-01-1945,2.9,28.7,384468277,0,16.143
01-01-1946,0.4,1.8,381611373,0,16.905
02-01-1946,19.4,73.2,381611373,0,20.413
03-01-1946,102.6,141.7,381611373,0,23.832
04-01-1946,178.5,238.3,381611373,0,27.86
05-01-1946,328,631.2,381611373,0,29.843
06-01-1946,582.6,448.6,381611373,1,28.625
07-01-1946,547,1212.2,381611373,1,26.767
08-01-1946,297.9,478.7,381611373,1,26.177
09-01-1946,266.8,540.4,381611373,1,26.045
10-01-1946,346.3,215.9,381611373,0,24.643
11-01-1946,8.6,25.4,381611373,0,20.712
12-01-1946,1.4,3.8,381611373,0,17.791
01-01-1947,3.9,37.8,378775698,0,16.861
02-01-1947,9,68.5,378775698,0,19.518
03-01-1947,83.9,158.6,378775698,0,24.311
04-01-1947,243.4,460.2,378775698,0,28.103
05-01-1947,380.2,494.4,378775698,0,30.586
06-01-1947,486.4,650.2,378775698,1,30.128
07-01-1947,570.8,1245,378775698,1,27.14
08-01-1947,285,417.9,378775698,1,26.673
09-01-1947,362.3,503.8,378775698,1,25.805
10-01-1947,202.2,297.3,378775698,0,23.524
11-01-1947,3,9.5,378775698,0,20.986
12-01-1947,13.1,25.9,378775698,0,17.719
01-01-1948,10.1,35.6,375136619,0,17.289
02-01-1948,42.4,119.5,375136619,0,19.3
03-01-1948,59.5,136.1,375136619,0,23.455
04-01-1948,260.4,441.1,375136619,0,28.277
05-01-1948,681.2,1168.6,375136619,0,30.765
06-01-1948,599.4,889.5,375136619,1,29.748
07-01-1948,534.8,2362.8,375136619,1,26.999
08-01-1948,448.3,603.3,375136619,1,26.161
09-01-1948,314.4,350.4,375136619,1,25.975
10-01-1948,176.6,150.1,375136619,0,24.611
11-01-1948,50.6,52.7,375136619,0,20.874
12-01-1948,7.8,21.4,375136619,0,16.826
01-01-1949,22.9,80.1,357021120,0,17.703
02-01-1949,23.1,88.1,357021120,0,19.189
03-01-1949,76,287.4,357021120,0,24.296
04-01-1949,371,436.9,357021120,0,27.935
05-01-1949,335.9,567.2,357021120,0,30.044
06-01-1949,683.4,943.9,357021120,1,28.988
07-01-1949,444.1,1002,357021120,1,26.817
08-01-1949,461.9,672.6,357021120,1,26.383
09-01-1949,392.6,482,357021120,1,26.235
10-01-1949,148.3,224.9,357021120,0,24.559
11-01-1949,13,39.6,357021120,0,19.68
12-01-1949,11.1,50.1,357021120,0,16.738
01-01-1950,21.2,38.6,364922368,0,17.318
02-01-1950,51.2,92.8,364922368,0,18.305
03-01-1950,93.5,205.8,364922368,0,22.933
04-01-1950,112.9,425.2,364922368,0,27.13
05-01-1950,282.1,274.2,364922368,0,30.267
06-01-1950,562,274.2,364922368,1,29.23
07-01-1950,389.5,377.6,364922368,1,26.582
08-01-1950,490.9,241.8,364922368,1,26.194
09-01-1950,200.7,285.8,364922368,1,25.711
10-01-1950,134.6,356,364922368,0,23.842
11-01-1950,49.9,49.5,364922368,0,19.818
12-01-1950,3.9,43.9,364922368,0,16.582
01-01-1951,4.9,31.8,372997184,0,16.331
02-01-1951,3.3,65.3,372997184,0,19.315
03-01-1951,53.5,309.9,372997184,0,23.841
04-01-1951,242.9,441,372997184,0,26.345
05-01-1951,250.4,344.5,372997184,0,29.826
06-01-1951,588.8,757.8,372997184,1,29.103
07-01-1951,550.5,554.7,372997184,1,27.47
08-01-1951,387.4,278.5,372997184,1,26.548
09-01-1951,209.7,383.7,372997184,1,26.762
10-01-1951,270.5,101.8,372997184,0,26.005
11-01-1951,46.2,46.2,372997184,0,21.601
12-01-1951,5.8,39.1,372997184,0,17.501
01-01-1952,4.4,17.2,381227712,0,17.707
02-01-1952,10.4,24.5,381227712,0,20.749
03-01-1952,107.5,189.6,381227712,0,23.39
04-01-1952,155.9,151.5,381227712,0,28.295
05-01-1952,465.6,235.1,381227712,0,30.426
06-01-1952,399.9,276.8,381227712,1,29.302
07-01-1952,573.9,320.6,381227712,1,27.036
08-01-1952,467.6,481.1,381227712,1,26.085
09-01-1952,343.7,368.2,381227712,1,26.315
10-01-1952,277.1,257.9,381227712,0,24.624
11-01-1952,43.2,43.9,381227712,0,20.51
12-01-1952,2.1,29.7,381227712,0,17.947
01-01-1953,18,56.4,389731392,0,16.733
02-01-1953,13.3,106.9,389731392,0,20.812
03-01-1953,227.3,236,389731392,0,25.969
04-01-1953,157.4,214.9,389731392,0,28.049
05-01-1953,377.7,314.9,389731392,0,30.717
06-01-1953,405.5,409.9,389731392,1,29.89
07-01-1953,461.9,512.5,389731392,1,26.922
08-01-1953,284.5,245.3,389731392,1,26.251
09-01-1953,451.5,449.8,389731392,1,26.126
10-01-1953,144,449.8,389731392,0,24.296
11-01-1953,5.8,10.4,389731392,0,20.544
12-01-1953,13.1,23.4,389731392,0,18.43
01-01-1954,22,246.9,398577984,0,16.445
02-01-1954,45.7,246.9,398577984,0,20.633
03-01-1954,40.6,246.9,398577984,0,24.173
04-01-1954,266,246.9,398577984,0,28.436
05-01-1954,490.3,448.9,398577984,0,30.921
06-01-1954,594.3,608.1,398577984,1,29.378
07-01-1954,572.2,1219.4,398577984,1,26.932
08-01-1954,427.3,542.6,398577984,1,26.603
09-01-1954,218.8,505.8,398577984,1,25.871
10-01-1954,155.5,146.6,398577984,0,23.112
11-01-1954,2,17.1,398577984,0,20.084
12-01-1954,24.5,40.6,398577984,0,17.418
01-01-1955,9.2,98.4,407656608,0,17.075
02-01-1955,9.5,67.5,407656608,0,20.014
03-01-1955,143.5,32.9,407656608,0,25.048
04-01-1955,210.2,138.5,407656608,0,26.636
05-01-1955,328.8,698.6,407656608,0,29.526
06-01-1955,546.5,511.2,407656608,1,29.15
07-01-1955,567,457.7,407656608,1,26.999
08-01-1955,415.8,1664.6,407656608,1,26.022
09-01-1955,283.3,705.2,407656608,1,26.008
10-01-1955,149.3,669.4,407656608,0,23.898
11-01-1955,89.6,2.5,407656608,0,19.913
12-01-1955,8.5,17,407656608,0,17.137
01-01-1956,29.8,83.2,416935392,0,17.035
02-01-1956,3.2,137.9,416935392,0,19.273
03-01-1956,121.7,104.5,416935392,0,24.437
04-01-1956,204.8,146.4,416935392,0,28.282
05-01-1956,533.5,671.8,416935392,0,30.411
06-01-1956,712.4,812.9,416935392,1,28.155
07-01-1956,440.3,1137.7,416935392,1,25.997
08-01-1956,382.1,333.2,416935392,1,25.901
09-01-1956,171.9,508.8,416935392,1,26.001
10-01-1956,149.3,247,416935392,0,23.629
11-01-1956,44.3,12.1,416935392,0,20.167
12-01-1956,9.6,0,416935392,0,17.508
01-01-1957,66.9,8,426295776,0,17.035
02-01-1957,33.5,26.8,426295776,0,18.576
03-01-1957,20.1,53.2,426295776,0,22.721
04-01-1957,136,137.1,426295776,0,27.015
05-01-1957,449.2,210.7,426295776,0,29.611
06-01-1957,446,653.9,426295776,1,29.478
07-01-1957,407.2,1296.8,426295776,1,27.105
08-01-1957,366.6,251.3,426295776,1,26.495
09-01-1957,208.7,1034.8,426295776,1,26.213
10-01-1957,99.9,13,426295776,0,24.596
11-01-1957,12.2,13.4,426295776,0,21.349
12-01-1957,10.7,10.4,426295776,0,18.123
01-01-1958,18.8,50,435900352,0,18.31
02-01-1958,44.2,204.2,435900352,0,19.862
03-01-1958,10.3,289.6,435900352,0,24.626
04-01-1958,192.4,181,435900352,0,28.768
05-01-1958,545.2,492.3,435900352,0,30.492
06-01-1958,393.2,595.5,435900352,1,30.656
07-01-1958,361.1,738.3,435900352,1,27.074
08-01-1958,546.9,547.9,435900352,1,26.62
09-01-1958,278.7,256.2,435900352,1,26.056
10-01-1958,212.4,260.5,435900352,0,24.456
11-01-1958,4.6,57.1,435900352,0,21.192
12-01-1958,18.7,3.9,435900352,0,18.004
01-01-1959,30.8,37.2,445954560,0,17.45
02-01-1959,45.6,87.1,445954560,0,19.402
03-01-1959,109.9,45.1,445954560,0,24.544
04-01-1959,144.1,250.3,445954560,0,28.041
05-01-1959,470.6,601.9,445954560,0,30.207
06-01-1959,517.6,1088.8,445954560,1,29.347
07-01-1959,364.2,758.1,445954560,1,26.647
08-01-1959,255.9,1405.9,445954560,1,26.261
09-01-1959,286.8,222.4,445954560,1,26.001
10-01-1959,301.7,255.6,445954560,0,24.64
11-01-1959,8.3,14.6,445954560,0,20.762
12-01-1959,0.2,14.6,445954560,0,17.9
01-01-1960,0.1,14.6,456351872,0,16.885
02-01-1960,11.1,35.2,456351872,0,20.962
03-01-1960,38.7,168.6,456351872,0,23.285
04-01-1960,45.9,262.6,456351872,0,27.488
05-01-1960,315.2,346.4,456351872,0,30.185
06-01-1960,454.8,755.4,456351872,1,29.581
07-01-1960,553.7,817.4,456351872,1,27.091
08-01-1960,349.2,1199.3,456351872,1,26.53
09-01-1960,479.4,366.4,456351872,1,26.517
10-01-1960,60.9,136.4,456351872,0,24.382
11-01-1960,29.3,20,456351872,0,20.403
12-01-1960,3.9,15.7,456351872,0,18.137
01-01-1961,11.5,55.4,467024192,0,17.514
02-01-1961,19.7,90.3,467024192,0,18.335
03-01-1961,253.8,81.1,467024192,0,24.665
04-01-1961,123,219.7,467024192,0,27.743
05-01-1961,355.8,286.4,467024192,0,29.963
06-01-1961,335.4,1432.8,467024192,1,28.716
07-01-1961,352.9,1506.1,467024192,1,26.677
08-01-1961,347.4,492.1,467024192,1,26.462
09-01-1961,226.1,465.1,467024192,1,25.882
10-01-1961,128.1,246.2,467024192,0,23.896
11-01-1961,34.8,12.2,467024192,0,19.907
12-01-1961,6.9,71.9,467024192,0,16.023
01-01-1962,24.9,37.4,477933632,0,15.838
02-01-1962,27.6,120.7,477933632,0,19.62
03-01-1962,17.3,103.7,477933632,0,23.545
04-01-1962,134.7,254.4,477933632,0,27.634
05-01-1962,369,306.9,477933632,0,29.728
06-01-1962,601.4,404.7,477933632,1,29.275
07-01-1962,338.8,315.8,477933632,1,27.299
08-01-1962,509.8,351.3,477933632,1,26.316
09-01-1962,137.4,172.9,477933632,1,25.816
10-01-1962,118.2,51.5,477933632,0,23.673
11-01-1962,11.1,72.6,477933632,0,20.493
12-01-1962,5.8,4.9,477933632,0,17.38
01-01-1963,3.3,22.4,489059296,0,16.554
02-01-1963,7.9,91.5,489059296,0,20.342
03-01-1963,51.1,98.4,489059296,0,23.609
04-01-1963,183.3,180.2,489059296,0,26.827
05-01-1963,288.4,177.9,489059296,0,29.309
06-01-1963,596,473.2,489059296,1,28.943
07-01-1963,557.3,432.7,489059296,1,27.324
08-01-1963,432,411.6,489059296,1,26.209
09-01-1963,211.7,197.6,489059296,1,26.146
10-01-1963,144.1,78.9,489059296,0,24.631
11-01-1963,29.4,39,489059296,0,21.437
12-01-1963,7.2,6.3,489059296,0,17.818
01-01-1964,9.6,13.3,500114336,0,16.468
02-01-1964,22.6,45.5,500114336,0,19.665
03-01-1964,80.7,147.9,500114336,0,25.022
04-01-1964,268.3,96.6,500114336,0,28.314
05-01-1964,297.4,164,500114336,0,29.573
06-01-1964,557.9,253.1,500114336,1,29.097
07-01-1964,600.3,434.5,500114336,1,26.491
08-01-1964,340.4,220.8,500114336,1,26.171
09-01-1964,326.3,212.8,500114336,1,25.911
10-01-1964,205.1,58.5,500114336,0,24.587
11-01-1964,8.3,10,500114336,0,20.232
12-01-1964,12.8,11.5,500114336,0,17.315
01-01-1965,5.1,54.2,510992608,0,17.907
02-01-1965,73.6,41.4,510992608,0,19.505
03-01-1965,52.5,135.9,510992608,0,23.14
04-01-1965,158.2,117.6,510992608,0,26.503
05-01-1965,327.1,307.2,510992608,0,29.366
06-01-1965,501,510.1,510992608,1,29.666
07-01-1965,399.6,404.8,510992608,1,26.834
08-01-1965,422.1,227.5,510992608,1,26.313
09-01-1965,304,243.5,510992608,1,26.041
10-01-1965,82.4,75.8,510992608,0,24.829
11-01-1965,60.8,12.5,510992608,0,21.368
12-01-1965,12.5,8.4,510992608,0,17.619
01-01-1966,20,19.2,521987072,0,17.543
02-01-1966,23.6,10,521987072,0,21.076
03-01-1966,36.1,33.8,521987072,0,24.008
04-01-1966,164.3,127,521987072,0,27.748
05-01-1966,323.7,202.3,521987072,0,30.114
06-01-1966,780.5,412.3,521987072,1,29.15
07-01-1966,507.1,405.1,521987072,1,27.668
08-01-1966,518.2,333.9,521987072,1,26.49
09-01-1966,248.1,241.4,521987072,1,26.096
10-01-1966,124.5,42.9,521987072,0,24.621
11-01-1966,31.8,34.8,521987072,0,21.457
12-01-1966,11.4,15.1,521987072,0,17.292
01-01-1967,11.4,49.2,533431904,0,16.668
02-01-1967,37.3,78.8,533431904,0,20.594
03-01-1967,105.9,57.4,533431904,0,22.982
04-01-1967,112,108.8,533431904,0,26.908
05-01-1967,287.5,213.4,533431904,0,29.777
06-01-1967,395.7,409.6,533431904,1,29.481
07-01-1967,497.7,377.9,533431904,1,26.967
08-01-1967,258.9,245.4,533431904,1,26.023
09-01-1967,300.6,287.4,533431904,1,25.871
10-01-1967,97.6,138.6,533431904,0,23.98
11-01-1967,14.5,6.9,533431904,0,20.492
12-01-1967,4.2,0,533431904,0,18.162
01-01-1968,22.9,56,545314688,0,16.341
02-01-1968,19.8,67.8,545314688,0,18.659
03-01-1968,78.2,47.1,545314688,0,23.477
04-01-1968,170.8,121.8,545314688,0,26.827
05-01-1968,432.3,222.4,545314688,0,29.368
06-01-1968,595,446,545314688,1,29.21
07-01-1968,494.1,385.5,545314688,1,26.948
08-01-1968,346,288.2,545314688,1,26.311
09-01-1968,231.7,239.6,545314688,1,26.786
10-01-1968,113.8,235.1,545314688,0,23.995
11-01-1968,23.9,67.8,545314688,0,20.794
12-01-1968,2.3,7.3,545314688,0,17.661
01-01-1969,27.4,39.2,557501312,0,17.129
02-01-1969,1.8,114.2,557501312,0,20.236
03-01-1969,99.7,108.3,557501312,0,25.479
04-01-1969,178.7,231.5,557501312,0,28.122
05-01-1969,254.1,299.5,557501312,0,29.537
06-01-1969,567.2,314.4,557501312,1,29.708
07-01-1969,461.1,438.3,557501312,1,27.086
08-01-1969,446.7,270.7,557501312,1,26.273
09-01-1969,185.4,334.5,557501312,1,25.968
10-01-1969,80.9,83.3,557501312,0,24.706
11-01-1969,27.5,25.9,557501312,0,21.852
12-01-1969,1.8,21.5,557501312,0,17.918
01-01-1970,47,136.4,569999168,0,17.4
02-01-1970,35.8,147.1,569999168,0,19.679
03-01-1970,89.7,82.3,569999168,0,23.807
04-01-1970,204.8,215.3,569999168,0,28.212
05-01-1970,493.4,256.5,569999168,0,30.42
06-01-1970,658.3,571.1,569999168,1,28.263
07-01-1970,475.3,284.8,569999168,1,27.102
08-01-1970,389.2,271.3,569999168,1,26.246
09-01-1970,390.7,258.3,569999168,1,25.975
10-01-1970,246.4,110.2,569999168,0,24.582
11-01-1970,17.8,88.9,569999168,0,20.204
12-01-1970,0.1,35.4,569999168,0,16.999
01-01-1971,36.9,130.9,582837952,0,16.778
02-01-1971,18.4,95.4,582837952,0,19.526
03-01-1971,37.6,127.8,582837952,0,23.577
04-01-1971,142.9,272.6,582837952,0,27.642
05-01-1971,236.3,248.3,582837952,0,28.794
06-01-1971,437.1,466.7,582837952,1,27.651
07-01-1971,407.9,648.9,582837952,1,26.391
08-01-1971,474.8,446.8,582837952,1,25.901
09-01-1971,231.6,461.2,582837952,1,26.05
10-01-1971,199.5,121.1,582837952,0,24.049
11-01-1971,80,14,582837952,0,20.125
12-01-1971,12.1,30.3,582837952,0,17.124
01-01-1972,18,17.3,596107456,0,17.132
02-01-1972,39.6,76.9,596107456,0,18.156
03-01-1972,99.3,101.7,596107456,0,24.385
04-01-1972,260.3,165.1,596107456,0,27.132
05-01-1972,339.3,188,596107456,0,30.29
06-01-1972,576.2,268.5,596107456,1,30.242
07-01-1972,441,427,596107456,1,27.55
08-01-1972,271,185.2,596107456,1,26.532
09-01-1972,227.1,297,596107456,1,26.145
10-01-1972,99.1,451.6,596107456,0,24.411
11-01-1972,2.9,21.5,596107456,0,20.974
12-01-1972,5.3,13.6,596107456,0,18.317
01-01-1973,9.8,8.9,609721920,0,17.62
02-01-1973,82.8,112.9,609721920,0,20.866
03-01-1973,28.9,168,609721920,0,24.178
04-01-1973,252.1,229.3,609721920,0,29.166
05-01-1973,324.5,210.7,609721920,0,30.69
06-01-1973,634.4,506.3,609721920,1,29.277
07-01-1973,364.6,375.4,609721920,1,26.986
08-01-1973,395,357.4,609721920,1,26.093
09-01-1973,348.6,177.5,609721920,1,26.002
10-01-1973,128.7,139.7,609721920,0,24.209
11-01-1973,67.4,87.9,609721920,0,20.516
12-01-1973,35.3,45.6,609721920,0,17.036
01-01-1974,31.6,71.2,623524224,0,16.738
02-01-1974,11.4,133.5,623524224,0,19.245
03-01-1974,78.7,209.3,623524224,0,24.923
04-01-1974,255.8,560.2,623524224,0,28.495
05-01-1974,369.4,417.8,623524224,0,29.697
06-01-1974,627,543.5,623524224,1,29.101
07-01-1974,789.3,484.7,623524224,1,26.961
08-01-1974,510.9,610.1,623524224,1,26.479
09-01-1974,429.1,311.9,623524224,1,26.544
10-01-1974,271,213.5,623524224,0,24.768
11-01-1974,27.1,141,623524224,0,20.471
12-01-1974,2.3,77.7,623524224,0,16.687
01-01-1975,10,37.1,637451456,0,16.257
02-01-1975,22.3,82.2,637451456,0,19.372
03-01-1975,18.8,150.6,637451456,0,23.703
04-01-1975,227.9,216.4,637451456,0,28.273
05-01-1975,321.2,345.6,637451456,0,30.431
06-01-1975,337.6,577.2,637451456,1,28.879
07-01-1975,522.4,357.5,637451456,1,26.416
08-01-1975,314.8,172.4,637451456,1,26.195
09-01-1975,299.1,310.4,637451456,1,25.576
10-01-1975,172.7,133,637451456,0,24.676
11-01-1975,18,146.1,637451456,0,19.646
12-01-1975,5.8,2.5,637451456,0,16.922
01-01-1976,5.7,47.4,651685632,0,16.913
02-01-1976,36.3,81.6,651685632,0,19.725
03-01-1976,92.6,138.2,651685632,0,24.028
04-01-1976,139.4,158.8,651685632,0,27.148
05-01-1976,179.5,210.3,651685632,0,29.785
06-01-1976,509.7,239.4,651685632,1,28.542
07-01-1976,390.5,665.4,651685632,1,26.897
08-01-1976,358.5,296.9,651685632,1,25.791
09-01-1976,149.1,417.5,651685632,1,25.841
10-01-1976,67.3,409.6,651685632,0,25.04
11-01-1976,24.3,27.4,651685632,0,22.473
12-01-1976,3.1,81.2,651685632,0,18.212
01-01-1977,9.1,65.6,666267776,0,17.035
02-01-1977,16.2,130.4,666267776,0,20.25
03-01-1977,74.4,251.4,666267776,0,25.44
04-01-1977,375.1,372,666267776,0,27.388
05-01-1977,391.6,245.5,666267776,0,28.856
06-01-1977,405,530.9,666267776,1,28.768
07-01-1977,461.3,514.1,666267776,1,26.619
08-01-1977,461.9,544.7,666267776,1,26.285
09-01-1977,176.9,367.4,666267776,1,25.927
10-01-1977,175.7,185.4,666267776,0,24.633
11-01-1977,47.7,7.8,666267776,0,22.308
12-01-1977,21.8,0.2,666267776,0,17.958
01-01-1978,5,93.1,681248384,0,16.64
02-01-1978,8.2,136.1,681248384,0,19.077
03-01-1978,44.3,255.2,681248384,0,22.812
04-01-1978,100.9,197.4,681248384,0,27.576
05-01-1978,253.7,285,681248384,0,30.939
06-01-1978,506.6,494.9,681248384,1,28.742
07-01-1978,444,549.3,681248384,1,26.344
08-01-1978,255.8,360.6,681248384,1,26.008
09-01-1978,271.8,262.6,681248384,1,25.846
10-01-1978,65,71.8,681248384,0,24.696
11-01-1978,55.9,29.3,681248384,0,21.694
12-01-1978,0.6,55.5,681248384,0,17.714
01-01-1979,3.3,6.4,696828352,0,17.828
02-01-1979,8.7,100.4,696828352,0,19.082
03-01-1979,38.2,151.2,696828352,0,23.214
04-01-1979,93.8,335.3,696828352,0,28.217
05-01-1979,225.6,241.4,696828352,0,29.686
06-01-1979,307.8,429.8,696828352,1,30.009
07-01-1979,640.1,593,696828352,1,27.479
08-01-1979,252.4,197,696828352,1,26.629
09-01-1979,342.3,526.6,696828352,1,26.475
10-01-1979,216.6,82.3,696828352,1,25.165
11-01-1979,23.4,53.8,696828352,0,22.516
12-01-1979,36.2,62.2,696828352,0,18.343
01-01-1980,13.1,65.4,712869312,0,17.593
02-01-1980,36.3,171.1,712869312,0,20.495
03-01-1980,96.9,217.6,712869312,0,24.071
04-01-1980,173.2,351.2,712869312,0,28.968
05-01-1980,289.4,301.9,712869312,0,31.054
06-01-1980,389.5,551,712869312,1,28.638
07-01-1980,460,563.2,712869312,1,26.887
08-01-1980,417.8,389.9,712869312,1,26.356
09-01-1980,269.8,476.4,712869312,1,26.529
10-01-1980,141.6,191.7,712869312,0,25.015
11-01-1980,1,14.9,712869312,0,21.517
12-01-1980,0.6,40.8,712869312,0,17.994
01-01-1981,29.6,98.1,729169472,0,17.067
02-01-1981,30.7,42.8,729169472,0,20.37
03-01-1981,91,166.9,729169472,0,23.57
04-01-1981,152.1,389.3,729169472,0,27.894
05-01-1981,251.5,448.7,729169472,0,29.998
06-01-1981,273.1,417.3,729169472,1,29.792
07-01-1981,543.5,671,729169472,1,26.82
08-01-1981,340.7,309.2,729169472,1,26.405
09-01-1981,274.5,455.5,729169472,1,26.406
10-01-1981,47.5,184.1,729169472,0,24.626
11-01-1981,9,5.7,729169472,0,20.366
12-01-1981,36.1,89.5,729169472,0,17.427
01-01-1982,1.8,54.1,745826560,0,17.866
02-01-1982,31.1,81,745826560,0,19.358
03-01-1982,50.6,255.6,745826560,0,22.928
04-01-1982,254.3,347.1,745826560,0,27.155
05-01-1982,215.5,345.5,745826560,0,29.069
06-01-1982,517.2,506,745826560,1,29.306
07-01-1982,539.9,657.8,745826560,1,27.911
08-01-1982,377.2,326.3,745826560,1,26.397
09-01-1982,286.4,502.2,745826560,1,26.444
10-01-1982,62,116.6,745826560,0,24.975
11-01-1982,29.9,25.4,745826560,0,21.074
12-01-1982,16.4,48.8,745826560,0,18.136
01-01-1983,16.4,19.3,762895168,0,16.758
02-01-1983,37.8,90.1,762895168,0,19.091
03-01-1983,90,122.8,762895168,0,23.603
04-01-1983,165.9,335.3,762895168,0,26.473
05-01-1983,278.2,101.8,762895168,0,29.619
06-01-1983,362,402.5,762895168,1,29.762
07-01-1983,582.9,453.7,762895168,1,27.492
08-01-1983,450.2,355.3,762895168,1,26.625
09-01-1983,449.1,387.6,762895168,1,26.238
10-01-1983,156.7,176.6,762895168,0,24.043
11-01-1983,7,36.6,762895168,0,20.182
12-01-1983,24,14,762895168,0,17.37
01-01-1984,22.4,3.7,780242112,0,16.993
02-01-1984,7.2,72.5,780242112,0,18.677
03-01-1984,28.6,147.7,780242112,0,24.742
04-01-1984,202.8,352,780242112,0,28.079
05-01-1984,416,230.8,780242112,0,31.199
06-01-1984,478.5,501.5,780242112,1,29.026
07-01-1984,995.2,754.9,780242112,1,26.721
08-01-1984,360.7,558.8,780242112,1,26.187
09-01-1984,458,646.6,780242112,1,25.646
10-01-1984,159.6,101.1,780242112,0,24.396
11-01-1984,5.7,24.1,780242112,0,20.395
12-01-1984,22.2,39.6,780242112,0,18.16
01-01-1985,8.7,50.9,797878976,0,17.592
02-01-1985,32.3,118.3,797878976,0,19.996
03-01-1985,152.6,250.7,797878976,0,25.561
04-01-1985,268.1,278.9,797878976,0,28.279
05-01-1985,335,535.9,797878976,0,30.506
06-01-1985,496,287,797878976,1,29.167
07-01-1985,714.6,868.1,797878976,1,26.684
08-01-1985,349.4,815.6,797878976,1,26.381
09-01-1985,335.1,486.3,797878976,1,26.354
10-01-1985,74.4,416.4,797878976,0,23.814
11-01-1985,15.8,34.2,797878976,0,20.913
12-01-1985,19.7,13.1,797878976,0,18.589
01-01-1986,16.4,52.6,815716160,0,17.185
02-01-1986,11.7,171.9,815716160,0,19.553
03-01-1986,28,92.9,815716160,0,24.088
04-01-1986,282.8,388.7,815716160,0,27.84
05-01-1986,159.7,239.7,815716160,0,29.572
06-01-1986,404.2,484.2,815716160,1,29.323
07-01-1986,465,640.7,815716160,1,26.944
08-01-1986,416.4,305.3,815716160,1,26.365
09-01-1986,441.1,526.5,815716160,1,26.606
10-01-1986,300.5,281.7,815716160,0,24.651
11-01-1986,59.5,77.9,815716160,0,21.683
12-01-1986,7.4,19.6,815716160,0,17.724
01-01-1987,8.8,54.8,833729664,0,17.611
02-01-1987,27.8,112.4,833729664,0,20.292
03-01-1987,110.4,149,833729664,0,24.256
04-01-1987,197.6,289.9,833729664,0,28.111
05-01-1987,199,366.2,833729664,0,29.22
06-01-1987,525.8,857.2,833729664,1,30.216
07-01-1987,766.5,534,833729664,1,28.174
08-01-1987,433,352.8,833729664,1,27.42
09-01-1987,445.4,625.5,833729664,1,27.327
10-01-1987,157.8,240.6,833729664,0,25.159
11-01-1987,37.6,2,833729664,0,21.655
12-01-1987,11.9,19.7,833729664,0,18.028
01-01-1988,7.3,24.9,852012672,0,18.235
02-01-1988,46.1,86,852012672,0,20.945
03-01-1988,82.3,110.7,852012672,0,24.296
04-01-1988,157.9,193.3,852012672,0,28.377
05-01-1988,568.6,423.7,852012672,0,31.21
06-01-1988,403.8,608.3,852012672,1,29.462
07-01-1988,644.2,607.7,852012672,1,26.92
08-01-1988,773.4,603.4,852012672,1,26.585
09-01-1988,329.6,484.5,852012672,1,26.809
10-01-1988,168.3,189,852012672,0,24.609
11-01-1988,74.3,22.2,852012672,0,20.973
12-01-1988,5.9,80.8,852012672,0,18.312
01-01-1989,10.5,33.2,870452160,0,16.735
02-01-1989,51.6,128.9,870452160,0,19.495
03-01-1989,30.4,184.6,870452160,0,23.577
04-01-1989,183.4,196.4,870452160,0,27.495
05-01-1989,260.1,239.2,870452160,0,30.493
06-01-1989,488.8,522.9,870452160,1,28.56
07-01-1989,747,557.2,870452160,1,27.036
08-01-1989,267.9,294.3,870452160,1,26.333
09-01-1989,425.8,328.2,870452160,1,26.362
10-01-1989,194.1,201.5,870452160,0,24.874
11-01-1989,16.2,11.5,870452160,0,21.406
12-01-1989,6.5,8.9,870452160,0,17.582
01-01-1990,19.2,95.7,888941760,0,18.557
02-01-1990,46.9,125.4,888941760,0,20.005
03-01-1990,96.7,134.4,888941760,0,22.989
04-01-1990,333.7,130.6,888941760,0,27.58
05-01-1990,304.1,408.3,888941760,0,29.199
06-01-1990,513.8,569.5,888941760,1,28.837
07-01-1990,446.4,619.2,888941760,1,26.53
08-01-1990,348.8,691.9,888941760,1,26.508
09-01-1990,441.1,323.1,888941760,1,26.164
10-01-1990,208.3,228.6,888941760,0,24.005
11-01-1990,7,14.7,888941760,0,21.602
12-01-1990,5.2,7.5,888941760,0,18.162
01-01-1991,13.7,48.2,907574080,0,16.987
02-01-1991,30.2,72.6,907574080,0,20.454
03-01-1991,62.1,215.3,907574080,0,24.437
04-01-1991,175.7,232.1,907574080,0,27.351
05-01-1991,495.8,382.9,907574080,1,30.459
06-01-1991,517.8,416.1,907574080,1,29.034
07-01-1991,440.5,233,907574080,1,27.572
08-01-1991,388.2,280.2,907574080,1,26.29
09-01-1991,437.3,225,907574080,1,26.508
10-01-1991,226.2,161.6,907574080,0,24.381
11-01-1991,9.4,14.1,907574080,0,20.628
12-01-1991,41.1,6.2,907574080,0,17.64
01-01-1992,14.7,20.6,926351296,0,17.102
02-01-1992,46.3,79.9,926351296,0,18.975
03-01-1992,62,84.3,926351296,0,24.228
04-01-1992,114.5,198.8,926351296,0,27.746
05-01-1992,292.3,363.9,926351296,0,29.694
06-01-1992,450.9,686.9,926351296,1,29.914
07-01-1992,491.4,714.5,926351296,1,27.43
08-01-1992,339.3,328.8,926351296,1,26.256
09-01-1992,296.9,425.1,926351296,1,26.041
10-01-1992,125,82.4,926351296,0,24.423
11-01-1992,14.3,51,926351296,0,21.091
12-01-1992,12.1,32.6,926351296,0,17.775
01-01-1993,73.3,35.7,945261952,0,17.481
02-01-1993,96.9,56.2,945261952,0,20.357
03-01-1993,86.1,163.6,945261952,0,23.076
04-01-1993,138.5,171.4,945261952,0,27.607
05-01-1993,374,398.2,945261952,1,30.554
06-01-1993,619.5,316.2,945261952,1,29.499
07-01-1993,576.9,593,945261952,1,27.289
08-01-1993,477.5,372.1,945261952,1,26.911
09-01-1993,296,191.2,945261952,1,26
10-01-1993,130.3,212.5,945261952,0,24.869
11-01-1993,8.2,9.1,945261952,0,21.416
12-01-1993,2,1.4,945261952,0,17.845
01-01-1994,26.6,26.2,964279104,0,18.15
02-01-1994,42.5,68.5,964279104,0,19.451
03-01-1994,157.2,158.5,964279104,0,25.081
04-01-1994,161.3,94.7,964279104,0,27.096
05-01-1994,282,212.6,964279104,0,30.833
06-01-1994,477.6,548,964279104,1,29.13
07-01-1994,308.6,395.2,964279104,1,26.566
08-01-1994,308.7,237,964279104,1,26.25
09-01-1994,178.5,403.5,964279104,1,26.066
10-01-1994,147,58.5,964279104,1,24.338
11-01-1994,15.9,45.9,964279104,0,21.033
12-01-1994,15.4,26.3,964279104,0,17.563
01-01-1995,8.7,26.7,983281216,0,16.241
02-01-1995,39.7,78.8,983281216,0,19.761
03-01-1995,42,193.6,983281216,0,23.476
04-01-1995,145.7,125,983281216,0,27.539
05-01-1995,299.1,275,983281216,0,30.265
06-01-1995,663.3,839.8,983281216,1,30.65
07-01-1995,558.4,823.8,983281216,1,27.307
08-01-1995,543.3,807,983281216,1,26.712
09-01-1995,404,236.8,983281216,1,26.558
10-01-1995,80.7,187.2,983281216,0,25.071
11-01-1995,94,20.5,983281216,0,21.247
12-01-1995,7.1,2.5,983281216,0,18.33
01-01-1996,12.8,7.9,1002335232,0,17.819
02-01-1996,23.2,6.1,1002335232,0,20.237
03-01-1996,101.6,40.4,1002335232,0,25.032
04-01-1996,99.2,159.6,1002335232,0,27.803
05-01-1996,415.6,343.2,1002335232,0,30.506
06-01-1996,397.7,450,1002335232,1,29.185
07-01-1996,499.6,376.9,1002335232,1,27.31
08-01-1996,421.8,438.1,1002335232,1,26.11
09-01-1996,224.4,254,1002335232,1,26.435
10-01-1996,267.2,207.9,1002335232,0,24.263
11-01-1996,3.5,28.3,1002335232,0,21.013
12-01-1996,0.2,4.3,1002335232,0,17.53
01-01-1997,18.2,54.1,1021434560,0,16.666
02-01-1997,40.7,47.1,1021434560,0,19.247
03-01-1997,91.8,139.9,1021434560,0,24.18
04-01-1997,131.9,293.8,1021434560,0,26.243
05-01-1997,241.8,267.2,1021434560,0,29.47
06-01-1997,569.9,459.8,1021434560,1,29.067
07-01-1997,511.2,395.4,1021434560,1,27.504
08-01-1997,315.5,387.4,1021434560,1,26.696
09-01-1997,366.8,407.4,1021434560,1,26.428
10-01-1997,36.4,81.3,1021434560,0,23.828
11-01-1997,12.6,53.9,1021434560,0,21.638
12-01-1997,35.4,9.6,1021434560,0,17.601
01-01-1998,11.8,53.1,1040500032,0,17.511
02-01-1998,31.5,66.6,1040500032,0,20.157
03-01-1998,136.8,134.9,1040500032,0,23.313
04-01-1998,185.7,229.9,1040500032,0,28.3
05-01-1998,250.6,195.6,1040500032,0,31.176
06-01-1998,581.2,277.2,1040500032,0,30.215
07-01-1998,604.4,302.6,1040500032,0,27.538
08-01-1998,549.5,279.9,1040500032,1,27.17
09-01-1998,212.3,288.1,1040500032,1,26.66
10-01-1998,190,173.8,1040500032,1,25.228
11-01-1998,48.9,19.3,1040500032,1,21.843
12-01-1998,0.4,14.9,1040500032,0,17.954
01-01-1999,2.4,74.2,1059633664,0,16.96
02-01-1999,0.5,37.2,1059633664,0,21.05
03-01-1999,38.7,126.3,1059633664,0,25.097
04-01-1999,150.6,248.2,1059633664,0,29.196
05-01-1999,466.8,197.1,1059633664,0,29.934
06-01-1999,429,396.8,1059633664,0,28.786
07-01-1999,596.7,604,1059633664,0,27.293
08-01-1999,487.5,290.7,1059633664,1,26.603
09-01-1999,196.9,257.9,1059633664,1,26.463
10-01-1999,208.6,94,1059633664,0,24.802
11-01-1999,14.1,45,1059633664,0,21.71
12-01-1999,2.3,17.9,1059633664,1,18.024
01-01-2000,20.5,22.9,1078970880,1,17.84
02-01-2000,13.7,83.2,1078970880,0,19.071
03-01-2000,65.9,109.6,1078970880,0,23.674
04-01-2000,238.5,182,1078970880,1,28.868
05-01-2000,375.1,173.5,1078970880,0,30.089
06-01-2000,540.2,424.3,1078970880,1,28.511
07-01-2000,313.3,645.3,1078970880,1,26.98
08-01-2000,513.2,327.2,1078970880,1,26.821
09-01-2000,299.9,259.9,1078970880,1,26.505
10-01-2000,83.9,182.6,1078970880,1,25.583
11-01-2000,22.2,25,1078970880,0,21.986
12-01-2000,0.4,16.2,1078970880,0,18.048
01-01-2001,5.5,38,1098313088,0,17.295
02-01-2001,39.7,39.1,1098313088,1,20.757
03-01-2001,30.9,175.5,1098313088,0,24.401
04-01-2001,198.6,210.2,1098313088,0,27.661
05-01-2001,266.4,298.7,1098313088,0,30.374
06-01-2001,399.8,402.9,1098313088,1,28.053
07-01-2001,451.1,654.3,1098313088,1,26.891
08-01-2001,295.6,243,1098313088,1,26.762
09-01-2001,266.8,278.5,1098313088,1,27.119
10-01-2001,201.4,184.8,1098313088,1,25.196
11-01-2001,20.5,5.6,1098313088,1,22.027
12-01-2001,2.3,15.2,1098313088,0,18.447
01-01-2002,20.2,48.4,1117415168,0,17.419
02-01-2002,5.7,167.6,1117415168,0,20.311
03-01-2002,83.3,229.5,1117415168,1,24.871
04-01-2002,279.9,195.3,1117415168,1,28.667
05-01-2002,286.9,179.8,1117415168,1,30.9
06-01-2002,502.5,269.3,1117415168,1,29.433
07-01-2002,565.1,430.8,1117415168,0,28.487
08-01-2002,312.5,400,1117415168,1,26.62
09-01-2002,209.7,243.6,1117415168,1,26.38
10-01-2002,49.5,139.3,1117415168,1,25.321
11-01-2002,69.4,28.6,1117415168,0,21.636
12-01-2002,7.9,3.3,1117415168,0,18.911
01-01-2003,9.5,6,1136264576,0,17.245
02-01-2003,41.5,103.7,1136264576,1,20.643
03-01-2003,96.9,63.3,1136264576,1,24.162
04-01-2003,213.8,202.7,1136264576,0,28.592
05-01-2003,235.8,321.7,1136264576,0,30.614
06-01-2003,551.4,520.4,1136264576,1,30.118
07-01-2003,481.2,382.2,1136264576,1,27.186
08-01-2003,290.7,227.6,1136264576,1,26.742
09-01-2003,250,263.2,1136264576,1,26.248
10-01-2003,231.8,77.2,1136264576,1,24.652
11-01-2003,13,69.7,1136264576,0,21.573
12-01-2003,18.6,21.7,1136264576,0,18.024
01-01-2004,15.3,13.4,1154638720,0,17.223
02-01-2004,19.5,97.4,1154638720,0,20.225
03-01-2004,72.8,48.1,1154638720,0,26.019
04-01-2004,340.8,292.4,1154638720,1,28.688
05-01-2004,342.2,250.4,1154638720,0,30.045
06-01-2004,397.9,530.2,1154638720,1,28.71
07-01-2004,848.4,761,1154638720,1,27.473
08-01-2004,286.2,364.6,1154638720,1,26.552
09-01-2004,317.2,529.3,1154638720,1,26.79
10-01-2004,340.8,102.6,1154638720,1,24.026
11-01-2004,6.5,24.3,1154638720,1,21.411
12-01-2004,6.6,6.9,1154638720,0,18.453
01-01-2005,22.8,76.7,1172373760,0,17.45
02-01-2005,30.5,39.7,1172373760,0,20.309
03-01-2005,172.2,122.6,1172373760,1,24.805
04-01-2005,207.5,192.4,1172373760,0,27.714
05-01-2005,281.2,185,1172373760,1,30.042
06-01-2005,373.9,423.6,1172373760,1,30.404
07-01-2005,474.5,456.1,1172373760,1,27.013
08-01-2005,501.9,439.3,1172373760,1,26.896
09-01-2005,174.9,189.7,1172373760,1,26.497
10-01-2005,218.6,115.1,1172373760,1,24.547
11-01-2005,8.9,1.7,1172373760,1,20.759
12-01-2005,1.3,2.6,1172373760,1,17.509
01-01-2006,0.7,18,1189691776,0,17.759
02-01-2006,40.9,92.8,1189691776,1,22.077
03-01-2006,20.8,72.1,1189691776,1,23.93
04-01-2006,169,132.7,1189691776,1,27.882
05-01-2006,325.7,189.9,1189691776,1,30.238
06-01-2006,395.9,259.1,1189691776,1,29.049
07-01-2006,350.3,329.9,1189691776,1,27.344
08-01-2006,209.7,370.3,1189691776,1,26.483
09-01-2006,252.3,152.5,1189691776,1,26.588
10-01-2006,97.6,82.9,1189691776,1,25.247
11-01-2006,25.1,33.9,1189691776,1,21.739
12-01-2006,10.7,15.9,1189691776,1,18.449
01-01-2007,1.5,0.6,1206734848,1,17.785
02-01-2007,73.7,13.2,1206734848,1,20.235
03-01-2007,23.5,237.8,1206734848,1,24.074
04-01-2007,242.7,466.9,1206734848,1,28.719
05-01-2007,219.8,312.7,1206734848,0,30.524
06-01-2007,489.7,509.9,1206734848,1,29.282
07-01-2007,682.7,378,1206734848,1,27.362
08-01-2007,308,321.5,1206734848,1,26.917
09-01-2007,494.7,444.2,1206734848,1,26.498
10-01-2007,164.7,97.7,1206734848,1,24.696
11-01-2007,47.7,58.9,1206734848,1,21.55
12-01-2007,4,14.2,1206734848,0,18.157
01-01-2008,29.7,40,1223640192,0,17.248
02-01-2008,14.5,51.3,1223640192,0,18.853
03-01-2008,107.5,174.5,1223640192,1,24.873
04-01-2008,156.2,240.8,1223640192,0,27.822
05-01-2008,210.6,219.6,1223640192,1,30.079
06-01-2008,414.6,288.4,1223640192,0,28.033
07-01-2008,493.2,531.4,1223640192,1,27.152
08-01-2008,508.6,277.6,1223640192,1,26.407
09-01-2008,267.5,286.7,1223640192,1,26.382
10-01-2008,133.4,51.9,1223640192,0,25.083
11-01-2008,2.2,16.2,1223640192,1,21.696
12-01-2008,1.6,15.2,1223640192,1,19.244
01-01-2009,7.9,57.8,1240613632,0,18.661
02-01-2009,11.6,35.8,1240613632,0,21.516
03-01-2009,44.9,134.2,1240613632,0,25.083
04-01-2009,134.9,403.4,1240613632,1,28.665
05-01-2009,246.5,187.4,1240613632,0,30.493
06-01-2009,321.1,645.8,1240613632,1,30.409
07-01-2009,426.3,638.9,1240613632,1,27.611
08-01-2009,533.8,316,1240613632,1,27.379
09-01-2009,192.3,724.9,1240613632,1,27.08
10-01-2009,135.9,248.1,1240613632,1,24.775
11-01-2009,9,22,1240613632,1,21.457
12-01-2009,4,26.2,1240613632,1,18.631
01-01-2010,0.5,0.5,1257621248,0,17.109
02-01-2010,3.1,3.1,1257621248,0,20.764
03-01-2010,99.6,99.6,1257621248,1,26.373
04-01-2010,389.3,389.3,1257621248,1,29.814
05-01-2010,393.4,393.4,1257621248,1,31.169
06-01-2010,569.7,569.7,1257621248,1,29.908
07-01-2010,415.1,415.1,1257621248,1,27.433
08-01-2010,387,387,1257621248,1,26.892
09-01-2010,318.3,318.3,1257621248,1,26.296
10-01-2010,116.2,116.2,1257621248,0,25.193
11-01-2010,11.6,11.6,1257621248,0,22.204
12-01-2010,7.6,7.6,1257621248,1,17.455
01-01-2011,11.1,11.1,1274487168,0,16.478
02-01-2011,11.4,11.4,1274487168,1,20.07
03-01-2011,109,109,1274487168,0,24.595
04-01-2011,92.1,92.1,1274487168,0,27.273
05-01-2011,238.3,238.3,1274487168,0,30.421
06-01-2011,316,316,1274487168,1,28.871
07-01-2011,395.8,395.8,1274487168,1,27.209
08-01-2011,302.6,302.6,1274487168,1,26.533
09-01-2011,221.6,221.6,1274487168,1,26.321
10-01-2011,30.2,30.2,1274487168,1,25.061
11-01-2011,11.9,11.9,1274487168,0,21.982
12-01-2011,3.5,3.5,1274487168,0,18.173
01-01-2012,15.2,15.2,1291132032,0,16.778
02-01-2012,6.9,6.9,1291132032,0,19.791
03-01-2012,28.8,28.8,1291132032,0,24.354
04-01-2012,279.1,279.1,1291132032,0,28.067
05-01-2012,185.8,185.8,1291132032,0,30.805
06-01-2012,729.7,729.7,1291132032,1,30.536
07-01-2012,444.3,444.3,1291132032,1,27.699
08-01-2012,289.2,289.2,1291132032,1,26.735
09-01-2012,411.6,411.6,1291132032,1,26.551
10-01-2012,199.4,199.4,1291132032,1,24.59
11-01-2012,17.1,17.1,1291132032,0,21.162
12-01-2012,2.3,2.3,1291132032,0,18.622
01-01-2013,1.1,1.1,1291132063,1,17.16
02-01-2013,9.6,9.6,1291132063,1,20.243
03-01-2013,44,44,1291132063,1,24.575
04-01-2013,112.8,112.8,1291132063,1,27.981
05-01-2013,346.7,346.7,1291132063,1,31.014
06-01-2013,286.2,286.2,1291132063,1,28.766
07-01-2013,367.8,367.8,1291132063,1,27.012
08-01-2013,289.7,289.7,1291132063,1,26.555
09-01-2013,229.3,229.3,1291132063,1,
10-01-2013,126.3,126.3,1291132063,1,
11-01-2013,1,1,1291132063,1,
12-01-2013,2,2,1291132063,1,
01-01-2014,2,2,1307246509,1,
02-01-2014,28.3,28.3,1307246509,1,
03-01-2014,29.3,29.3,1307246509,1,
04-01-2014,51.5,51.5,1307246509,1,
05-01-2014,351.1,351.1,1307246509,1,
06-01-2014,426.4,426.4,1307246509,1,
07-01-2014,374.4,374.4,1307246509,1,
08-01-2014,484.6,484.6,1307246509,1,
09-01-2014,420.2,420.2,1307246509,1,
10-01-2014,35,35,1307246509,1,
11-01-2014,3,3,1307246509,1,
12-01-2014,0.4,0.4,1307246509,1,
01-01-2015,13.4,13.4,1322866505,1,
02-01-2015,15.5,15.5,1322866505,1,
03-01-2015,37.5,37.5,1322866505,1,
04-01-2015,250.9,250.9,1322866505,1,
05-01-2015,332.5,332.5,1322866505,1,
06-01-2015,558.5,558.5,1322866505,1,
07-01-2015,300.1,300.1,1322866505,1,
08-01-2015,590.9,590.9,1322866505,1,
09-01-2015,279.9,279.9,1322866505,1,
10-01-2015,62.6,62.6,1322866505,1,
11-01-2015,14,14,1322866505,1,
12-01-2015,15.2,15.2,1322866505,1,
